category_id,title,content,is_active,sort_order
1,"First Question","Dolor latine ei mel, ex nostrum neglegentur nam, minimum periculis eu mel. Ius no case ceteros periculis, his alterum aliquando ex. No eam admodum temporibus reprehendunt, sint eros eu vix. Nibh putent ad vel, sed cu quas soluta propriae, suas sonet mediocritatem at eos. Vix id graeci sapientem, cu mea graecis officiis percipit, usu scripta oporteat expetenda et.",1,10
1,"Second Question","Debitis intellegebat no nec, nec recusabo voluptaria elaboraret et, pro vide similique ei. Est suscipit perpetua ut, nam possit indoctum sapientem ex, cum eu modo oratio. Eu dolore habemus duo, congue iriure id cum, ius appetere voluptatibus ne. Errem singulis mel ei. Nam eu meliore assentior definiebas. Eam nibh tollit graece an.",1,20
1,"Third Question","Dolor latine ei mel, ex nostrum neglegentur nam, minimum periculis eu mel. Ius no case ceteros periculis, his alterum aliquando ex. No eam admodum temporibus reprehendunt, sint eros eu vix. Nibh putent ad vel, sed cu quas soluta propriae, suas sonet mediocritatem at eos. Vix id graeci sapientem, cu mea graecis officiis percipit, usu scripta oporteat expetenda et.",1,30
1,"Fourth Question","Debitis intellegebat no nec, nec recusabo voluptaria elaboraret et, pro vide similique ei. Est suscipit perpetua ut, nam possit indoctum sapientem ex, cum eu modo oratio. Eu dolore habemus duo, congue iriure id cum, ius appetere voluptatibus ne. Errem singulis mel ei. Nam eu meliore assentior definiebas. Eam nibh tollit graece an.",1,40
2,"Fifth Question","Dolor latine ei mel, ex nostrum neglegentur nam, minimum periculis eu mel. Ius no case ceteros periculis, his alterum aliquando ex. No eam admodum temporibus reprehendunt, sint eros eu vix. Nibh putent ad vel, sed cu quas soluta propriae, suas sonet mediocritatem at eos. Vix id graeci sapientem, cu mea graecis officiis percipit, usu scripta oporteat expetenda et.",1,50
2,"Sixth Question","Debitis intellegebat no nec, nec recusabo voluptaria elaboraret et, pro vide similique ei. Est suscipit perpetua ut, nam possit indoctum sapientem ex, cum eu modo oratio. Eu dolore habemus duo, congue iriure id cum, ius appetere voluptatibus ne. Errem singulis mel ei. Nam eu meliore assentior definiebas. Eam nibh tollit graece an.",1,60
2,"Seventh Question","Dolor latine ei mel, ex nostrum neglegentur nam, minimum periculis eu mel. Ius no case ceteros periculis, his alterum aliquando ex. No eam admodum temporibus reprehendunt, sint eros eu vix. Nibh putent ad vel, sed cu quas soluta propriae, suas sonet mediocritatem at eos. Vix id graeci sapientem, cu mea graecis officiis percipit, usu scripta oporteat expetenda et.",1,70
2,"Eighth Question","Debitis intellegebat no nec, nec recusabo voluptaria elaboraret et, pro vide similique ei. Est suscipit perpetua ut, nam possit indoctum sapientem ex, cum eu modo oratio. Eu dolore habemus duo, congue iriure id cum, ius appetere voluptatibus ne. Errem singulis mel ei. Nam eu meliore assentior definiebas. Eam nibh tollit graece an.",1,80
3,"Custom 9 Question","Dolor latine ei mel, ex nostrum neglegentur nam, minimum periculis eu mel. Ius no case ceteros periculis, his alterum aliquando ex. No eam admodum temporibus reprehendunt, sint eros eu vix. Nibh putent ad vel, sed cu quas soluta propriae, suas sonet mediocritatem at eos. Vix id graeci sapientem, cu mea graecis officiis percipit, usu scripta oporteat expetenda et.",1,90
3,"Custom 10 Question","Debitis intellegebat no nec, nec recusabo voluptaria elaboraret et, pro vide similique ei. Est suscipit perpetua ut, nam possit indoctum sapientem ex, cum eu modo oratio. Eu dolore habemus duo, congue iriure id cum, ius appetere voluptatibus ne. Errem singulis mel ei. Nam eu meliore assentior definiebas. Eam nibh tollit graece an.",1,100
3,"Custom 11 Question","Dolor latine ei mel, ex nostrum neglegentur nam, minimum periculis eu mel. Ius no case ceteros periculis, his alterum aliquando ex. No eam admodum temporibus reprehendunt, sint eros eu vix. Nibh putent ad vel, sed cu quas soluta propriae, suas sonet mediocritatem at eos. Vix id graeci sapientem, cu mea graecis officiis percipit, usu scripta oporteat expetenda et.",1,110
3,"Custom 12 Question","Debitis intellegebat no nec, nec recusabo voluptaria elaboraret et, pro vide similique ei. Est suscipit perpetua ut, nam possit indoctum sapientem ex, cum eu modo oratio. Eu dolore habemus duo, congue iriure id cum, ius appetere voluptatibus ne. Errem singulis mel ei. Nam eu meliore assentior definiebas. Eam nibh tollit graece an.",1,120
